TradingDate,VIC,YEG
2013-02-25,18247.0,
2013-02-26,17545.0,
2013-02-27,17826.0,
2013-02-28,18809.0,
2013-03-01,18528.0,
2013-03-04,19089.0,
2013-03-05,18528.0,
2013-03-06,18528.0,
2013-03-07,18107.0,
2013-03-08,18247.0,
2013-03-11,18528.0,
2013-03-12,17826.0,
2013-03-13,17826.0,
2013-03-14,17967.0,
2013-03-15,18388.0,
2013-03-18,18107.0,
2013-03-19,18107.0,
2013-03-20,18247.0,
2013-03-21,18388.0,
2013-03-22,18247.0,
2013-03-25,18668.0,
2013-03-26,18528.0,
2013-03-27,18107.0,
2013-03-28,17967.0,
2013-03-29,17826.0,
2013-04-01,18388.0,
2013-04-02,18528.0,
2013-04-03,18107.0,
2013-04-04,17826.0,
2013-04-05,18247.0,
2013-04-08,18247.0,
2013-04-09,17967.0,
2013-04-10,17686.0,
2013-04-11,17967.0,
2013-04-12,17826.0,
2013-04-15,17405.0,
2013-04-16,17405.0,
2013-04-17,17405.0,
2013-04-18,17265.0,
2013-04-22,17124.0,
2013-04-23,17265.0,
2013-04-24,17124.0,
2013-04-25,17405.0,
2013-04-26,17405.0,
2013-05-02,17826.0,
2013-05-03,17826.0,
2013-05-06,17967.0,
2013-05-07,17967.0,
2013-05-08,18107.0,
2013-05-09,18107.0,
2013-05-10,17967.0,
2013-05-13,18107.0,
2013-05-14,18107.0,
2013-05-15,17967.0,
2013-05-16,17826.0,
2013-05-17,17967.0,
2013-05-20,17967.0,
2013-05-21,18107.0,
2013-05-22,18528.0,
2013-05-23,17967.0,
2013-05-24,18247.0,
2013-05-27,18809.0,
2013-05-28,18809.0,
2013-05-29,20072.0,
2013-05-30,20072.0,
2013-05-31,19089.0,
2013-06-03,19370.0,
2013-06-04,20072.0,
2013-06-05,19511.0,
2013-06-06,19230.0,
2013-06-07,19511.0,
2013-06-10,19651.0,
2013-06-11,19230.0,
2013-06-12,19370.0,
2013-06-13,19089.0,
2013-06-14,18247.0,
2013-06-17,17967.0,
2013-06-18,17967.0,
2013-06-19,17967.0,
2013-06-20,17826.0,
2013-06-21,17686.0,
2013-06-24,17545.0,
2013-06-25,17265.0,
2013-06-26,17265.0,
2013-06-27,17686.0,
2013-06-28,17545.0,
2013-07-01,17265.0,
2013-07-02,17826.0,
2013-07-03,17826.0,
2013-07-04,17686.0,
2013-07-05,17686.0,
2013-07-08,17405.0,
2013-07-09,17686.0,
2013-07-10,17545.0,
2013-07-11,17826.0,
2013-07-12,18247.0,
2013-07-15,18107.0,
2013-07-16,17967.0,
2013-07-17,17967.0,
2013-07-18,17826.0,
2013-07-19,17967.0,
2013-07-22,17826.0,
2013-07-23,17826.0,
2013-07-24,17826.0,
2013-07-25,17967.0,
2013-07-26,17967.0,
2013-07-29,17686.0,
2013-07-30,17405.0,
2013-07-31,17686.0,
2013-08-01,17826.0,
2013-08-02,17826.0,
2013-08-05,17967.0,
2013-08-06,18107.0,
2013-08-07,18528.0,
2013-08-08,18528.0,
2013-08-09,18528.0,
2013-08-12,18107.0,
2013-08-13,18247.0,
2013-08-14,18388.0,
2013-08-15,18528.0,
2013-08-16,18668.0,
2013-08-19,18528.0,
2013-08-20,18247.0,
2013-08-21,18388.0,
2013-08-22,18668.0,
2013-08-23,18528.0,
2013-08-26,18247.0,
2013-08-27,17967.0,
2013-08-28,17826.0,
2013-08-29,17265.0,
2013-08-30,17545.0,
2013-09-03,17405.0,
2013-09-04,17405.0,
2013-09-05,17405.0,
2013-09-06,17826.0,
2013-09-09,17405.0,
2013-09-10,17686.0,
2013-09-11,17826.0,
2013-09-12,17686.0,
2013-09-13,17686.0,
2013-09-16,17545.0,
2013-09-17,17545.0,
2013-09-18,17545.0,
2013-09-19,17545.0,
2013-09-20,17265.0,
2013-09-23,17405.0,
2013-09-24,17545.0,
2013-09-25,17405.0,
2013-09-26,17545.0,
2013-09-27,17545.0,
2013-09-30,17545.0,
2013-10-01,17405.0,
2013-10-02,17545.0,
2013-10-03,17545.0,
2013-10-04,17686.0,
2013-10-07,17967.0,
2013-10-08,17967.0,
2013-10-09,17967.0,
2013-10-10,17967.0,
2013-10-11,17967.0,
2013-10-14,17826.0,
2013-10-15,17967.0,
2013-10-16,18107.0,
2013-10-17,18247.0,
2013-10-18,18388.0,
2013-10-21,18528.0,
2013-10-22,18668.0,
2013-10-23,18949.0,
2013-10-24,18668.0,
2013-10-25,18668.0,
2013-10-28,18528.0,
2013-10-29,18528.0,
2013-10-30,18809.0,
2013-10-31,18949.0,
2013-11-01,18809.0,
2013-11-04,18809.0,
2013-11-05,18668.0,
2013-11-06,18668.0,
2013-11-07,18668.0,
2013-11-08,18528.0,
2013-11-11,18528.0,
2013-11-12,18528.0,
2013-11-13,18528.0,
2013-11-14,18668.0,
2013-11-15,18668.0,
2013-11-18,18809.0,
2013-11-19,19089.0,
2013-11-20,19089.0,
2013-11-21,19089.0,
2013-11-22,19089.0,
2013-11-25,19230.0,
2013-11-26,19230.0,
2013-11-27,18809.0,
2013-11-28,19089.0,
2013-11-29,19370.0,
2013-12-02,19651.0,
2013-12-03,19932.0,
2013-12-04,19932.0,
2013-12-05,19932.0,
2013-12-06,19932.0,
2013-12-09,19932.0,
2013-12-10,20072.0,
2013-12-11,20072.0,
2013-12-12,20072.0,
2013-12-13,19932.0,
2013-12-16,18949.0,
2013-12-17,19651.0,
2013-12-18,19932.0,
2013-12-19,19651.0,
2013-12-20,18528.0,
2013-12-23,19651.0,
2013-12-24,19511.0,
2013-12-25,19370.0,
2013-12-26,19651.0,
2013-12-27,19651.0,
2013-12-30,19370.0,
2013-12-31,19651.0,
2014-01-02,19651.0,
2014-01-03,19791.0,
2014-01-06,19791.0,
2014-01-07,19791.0,
2014-01-08,19651.0,
2014-01-09,19791.0,
2014-01-10,19932.0,
2014-01-13,19932.0,
2014-01-14,19791.0,
2014-01-15,19791.0,
2014-01-16,19791.0,
2014-01-17,20353.0,
2014-01-20,21335.0,
2014-01-21,22318.0,
2014-01-22,21616.0,
2014-01-23,21195.0,
2014-01-24,21476.0,
2014-01-27,21476.0,
2014-02-06,21195.0,
2014-02-07,20914.0,
2014-02-10,21335.0,
2014-02-11,21476.0,
2014-02-12,21756.0,
2014-02-13,21897.0,
2014-02-14,21616.0,
2014-02-17,21476.0,
2014-02-18,21897.0,
2014-02-19,22037.0,
2014-02-20,22037.0,
2014-02-21,21756.0,
2014-02-24,21897.0,
2014-02-25,21897.0,
2014-02-26,21756.0,
2014-02-27,21897.0,
2014-02-28,21476.0,
2014-03-03,20914.0,
2014-03-04,20633.0,
2014-03-05,20914.0,
2014-03-06,20914.0,
2014-03-07,21055.0,
2014-03-10,21195.0,
2014-03-11,21055.0,
2014-03-12,21616.0,
2014-03-13,21616.0,
2014-03-14,21335.0,
2014-03-17,22037.0,
2014-03-18,21756.0,
2014-03-19,21756.0,
2014-03-20,21476.0,
2014-03-21,22037.0,
2014-03-24,21897.0,
2014-03-25,21476.0,
2014-03-26,20633.0,
2014-03-27,20914.0,
2014-03-28,20774.0,
2014-03-31,20633.0,
2014-04-01,20353.0,
2014-04-02,20353.0,
2014-04-03,20633.0,
2014-04-04,20633.0,
2014-04-07,20493.0,
2014-04-08,19932.0,
2014-04-10,19791.0,
2014-04-11,19370.0,
2014-04-14,19230.0,
2014-04-15,19089.0,
2014-04-16,18528.0,
2014-04-17,18668.0,
2014-04-18,18247.0,
2014-04-21,18107.0,
2014-04-22,18528.0,
2014-04-23,18809.0,
2014-04-24,18809.0,
2014-04-25,18809.0,
2014-04-28,18388.0,
2014-04-29,18247.0,
2014-05-05,17967.0,
2014-05-06,17826.0,
2014-05-07,18107.0,
2014-05-08,17545.0,
2014-05-09,17967.0,
2014-05-12,17545.0,
2014-05-13,17545.0,
2014-05-14,18107.0,
2014-05-15,18107.0,
2014-05-16,18247.0,
2014-05-19,18809.0,
2014-05-20,18668.0,
2014-05-21,18809.0,
2014-05-22,18528.0,
2014-05-23,18668.0,
2014-05-26,18809.0,
2014-05-27,18809.0,
2014-05-28,18668.0,
2014-05-29,18809.0,
2014-05-30,19230.0,
2014-06-02,18949.0,
2014-06-03,18809.0,
2014-06-04,18107.0,
2014-06-05,18247.0,
2014-06-06,18247.0,
2014-06-09,18528.0,
2014-06-10,18388.0,
2014-06-11,18388.0,
2014-06-12,18247.0,
2014-06-13,18107.0,
2014-06-16,18247.0,
2014-06-17,18107.0,
2014-06-18,18247.0,
2014-06-19,17826.0,
2014-06-20,17545.0,
2014-06-23,17826.0,
2014-06-24,17826.0,
2014-06-25,18107.0,
2014-06-26,18107.0,
2014-06-27,17826.0,
2014-06-30,17967.0,
2014-07-01,18107.0,
2014-07-02,18107.0,
2014-07-03,18388.0,
2014-07-04,18668.0,
2014-07-07,19932.0,
2014-07-08,20072.0,
2014-07-09,19932.0,
2014-07-10,19511.0,
2014-07-11,19511.0,
2014-07-14,19511.0,
2014-07-15,19651.0,
2014-07-16,19651.0,
2014-07-17,19370.0,
2014-07-18,19651.0,
2014-07-21,19791.0,
2014-07-22,19651.0,
2014-07-23,19651.0,
2014-07-24,19791.0,
2014-07-25,20493.0,
2014-07-28,20212.0,
2014-07-29,20493.0,
2014-07-30,20493.0,
2014-07-31,20774.0,
2014-08-01,21195.0,
2014-08-04,21897.0,
2014-08-05,21616.0,
2014-08-06,22381.0,
2014-08-07,22236.0,
2014-08-08,21948.0,
2014-08-11,21948.0,
2014-08-12,22670.0,
2014-08-13,22525.0,
2014-08-14,22670.0,
2014-08-15,22381.0,
2014-08-18,22525.0,
2014-08-19,22525.0,
2014-08-20,22236.0,
2014-08-21,22381.0,
2014-08-22,22814.0,
2014-08-25,23247.0,
2014-08-26,24692.0,
2014-08-27,24692.0,
2014-08-28,24048.0,
2014-08-29,25121.0,
2014-09-03,24906.0,
2014-09-04,24692.0,
2014-09-05,23833.0,
2014-09-08,24262.0,
2014-09-09,23833.0,
2014-09-10,23618.0,
2014-09-11,23403.0,
2014-09-12,23833.0,
2014-09-15,23403.0,
2014-09-16,23403.0,
2014-09-17,23403.0,
2014-09-18,23403.0,
2014-09-19,23403.0,
2014-09-22,23403.0,
2014-09-23,24048.0,
2014-09-24,23833.0,
2014-09-25,22330.0,
2014-09-26,22115.0,
2014-09-29,20827.0,
2014-09-30,20612.0,
2014-10-01,21256.0,
2014-10-02,21042.0,
2014-10-03,21471.0,
2014-10-06,21900.0,
2014-10-07,21686.0,
2014-10-08,21428.0,
2014-10-09,20999.0,
2014-10-10,20870.0,
2014-10-13,20956.0,
2014-10-14,20655.0,
2014-10-15,20483.0,
2014-10-16,19968.0,
2014-10-17,19882.0,
2014-10-20,20183.0,
2014-10-21,20999.0,
2014-10-22,20612.0,
2014-10-23,20312.0,
2014-10-24,20483.0,
2014-10-27,20140.0,
2014-10-28,20097.0,
2014-10-29,20483.0,
2014-10-30,20440.0,
2014-10-31,20612.0,
2014-11-03,21127.0,
2014-11-04,20827.0,
2014-11-05,20827.0,
2014-11-06,20655.0,
2014-11-07,20741.0,
2014-11-10,20913.0,
2014-11-11,20870.0,
2014-11-12,20956.0,
2014-11-13,20956.0,
2014-11-14,21213.0,
2014-11-17,21299.0,
2014-11-18,20827.0,
2014-11-19,20784.0,
2014-11-20,20698.0,
2014-11-21,20612.0,
2014-11-24,20612.0,
2014-11-25,21170.0,
2014-11-26,20784.0,
2014-11-27,20698.0,
2014-11-28,20741.0,
2014-12-01,20870.0,
2014-12-02,20827.0,
2014-12-03,20741.0,
2014-12-04,20784.0,
2014-12-05,20913.0,
2014-12-08,20999.0,
2014-12-09,20526.0,
2014-12-10,20913.0,
2014-12-11,20698.0,
2014-12-12,20698.0,
2014-12-15,20655.0,
2014-12-16,20183.0,
2014-12-17,19324.0,
2014-12-18,20226.0,
2014-12-19,20183.0,
2014-12-22,20183.0,
2014-12-23,19968.0,
2014-12-24,20054.0,
2014-12-25,19710.0,
2014-12-26,20011.0,
2014-12-29,20140.0,
2014-12-30,20397.0,
2014-12-31,20483.0,
2015-01-05,20440.0,
2015-01-06,20526.0,
2015-01-07,20483.0,
2015-01-08,20612.0,
2015-01-09,20526.0,
2015-01-12,20312.0,
2015-01-13,20226.0,
2015-01-14,20226.0,
2015-01-15,20354.0,
2015-01-16,20312.0,
2015-01-19,20312.0,
2015-01-20,20226.0,
2015-01-21,20226.0,
2015-01-22,20226.0,
2015-01-23,20612.0,
2015-01-26,20698.0,
2015-01-27,20612.0,
2015-01-28,20440.0,
2015-01-29,20440.0,
2015-01-30,20612.0,
2015-02-02,20483.0,
2015-02-03,20140.0,
2015-02-04,20140.0,
2015-02-05,20097.0,
2015-02-06,20140.0,
2015-02-09,20312.0,
2015-02-10,20269.0,
2015-02-11,20827.0,
2015-02-12,21471.0,
2015-02-13,21686.0,
2015-02-24,22115.0,
2015-02-25,21471.0,
2015-02-26,21428.0,
2015-02-27,21256.0,
2015-03-02,21428.0,
2015-03-03,22330.0,
2015-03-04,22115.0,
2015-03-05,21900.0,
2015-03-06,21428.0,
2015-03-09,21342.0,
2015-03-10,21342.0,
2015-03-11,21170.0,
2015-03-12,21299.0,
2015-03-13,21299.0,
2015-03-16,21127.0,
2015-03-17,21170.0,
2015-03-18,21170.0,
2015-03-19,21085.0,
2015-03-20,20870.0,
2015-03-23,20741.0,
2015-03-24,20741.0,
2015-03-25,20698.0,
2015-03-26,20397.0,
2015-03-27,20226.0,
2015-03-30,20011.0,
2015-03-31,20183.0,
2015-04-01,19753.0,
2015-04-02,19882.0,
2015-04-03,19796.0,
2015-04-06,19710.0,
2015-04-07,19839.0,
2015-04-08,19753.0,
2015-04-09,19796.0,
2015-04-10,20397.0,
2015-04-13,20870.0,
2015-04-14,20440.0,
2015-04-15,20397.0,
2015-04-16,20655.0,
2015-04-17,20956.0,
2015-04-20,20870.0,
2015-04-21,20827.0,
2015-04-22,20870.0,
2015-04-23,20956.0,
2015-04-24,20956.0,
2015-04-27,20870.0,
2015-05-04,20655.0,
2015-05-05,20956.0,
2015-05-06,20655.0,
2015-05-07,20870.0,
2015-05-08,20741.0,
2015-05-11,20612.0,
2015-05-12,20397.0,
2015-05-13,20397.0,
2015-05-14,20354.0,
2015-05-15,20183.0,
2015-05-18,19882.0,
2015-05-19,20011.0,
2015-05-20,20226.0,
2015-05-21,20269.0,
2015-05-22,20827.0,
2015-05-25,20698.0,
2015-05-26,20741.0,
2015-05-27,20655.0,
2015-05-28,20526.0,
2015-05-29,20397.0,
2015-06-01,20913.0,
2015-06-02,20655.0,
2015-06-03,20741.0,
2015-06-04,20956.0,
2015-06-05,20956.0,
2015-06-08,21042.0,
2015-06-09,21042.0,
2015-06-10,20870.0,
2015-06-11,21127.0,
2015-06-12,22330.0,
2015-06-15,21686.0,
2015-06-16,21686.0,
2015-06-17,21686.0,
2015-06-18,21686.0,
2015-06-19,21900.0,
2015-06-22,22115.0,
2015-06-23,22330.0,
2015-06-24,22545.0,
2015-06-25,22545.0,
2015-06-26,22330.0,
2015-06-29,23067.0,
2015-06-30,23500.0,
2015-07-01,23445.0,
2015-07-02,23716.0,
2015-07-03,24094.0,
2015-07-06,24094.0,
2015-07-07,23878.0,
2015-07-08,23500.0,
2015-07-09,23770.0,
2015-07-10,23932.0,
2015-07-13,23824.0,
2015-07-14,23770.0,
2015-07-15,23500.0,
2015-07-16,23121.0,
2015-07-17,23067.0,
2015-07-20,23013.0,
2015-07-21,23229.0,
2015-07-22,24040.0,
2015-07-23,23824.0,
2015-07-24,23662.0,
2015-07-27,23770.0,
2015-07-28,23662.0,
2015-07-29,23337.0,
2015-07-30,23283.0,
2015-07-31,23283.0,
2015-08-03,23283.0,
2015-08-04,23229.0,
2015-08-05,23337.0,
2015-08-06,23229.0,
2015-08-07,23229.0,
2015-08-10,23500.0,
2015-08-11,23608.0,
2015-08-12,23283.0,
2015-08-13,22959.0,
2015-08-14,22581.0,
2015-08-17,22149.0,
2015-08-18,22527.0,
2015-08-19,22041.0,
2015-08-20,21933.0,
2015-08-21,21663.0,
2015-08-24,21663.0,
2015-08-25,21663.0,
2015-08-26,21717.0,
2015-08-27,22149.0,
2015-08-28,22527.0,
2015-08-31,22419.0,
2015-09-01,22419.0,
2015-09-03,22203.0,
2015-09-04,22419.0,
2015-09-07,22473.0,
2015-09-08,22527.0,
2015-09-09,22635.0,
2015-09-10,22905.0,
2015-09-11,22689.0,
2015-09-14,22581.0,
2015-09-15,22527.0,
2015-09-16,22527.0,
2015-09-17,22689.0,
2015-09-18,22689.0,
2015-09-21,23175.0,
2015-09-22,23121.0,
2015-09-23,22959.0,
2015-09-24,22905.0,
2015-09-25,22743.0,
2015-09-28,22689.0,
2015-09-29,22473.0,
2015-09-30,22527.0,
2015-10-01,22473.0,
2015-10-02,22473.0,
2015-10-05,22473.0,
2015-10-06,22743.0,
2015-10-07,22959.0,
2015-10-08,23500.0,
2015-10-09,23391.0,
2015-10-12,23337.0,
2015-10-13,23121.0,
2015-10-14,22959.0,
2015-10-15,22959.0,
2015-10-16,23121.0,
2015-10-19,23067.0,
2015-10-20,22797.0,
2015-10-21,22527.0,
2015-10-22,22959.0,
2015-10-23,23986.0,
2015-10-26,24040.0,
2015-10-27,23986.0,
2015-10-28,23986.0,
2015-10-29,24850.0,
2015-10-30,24580.0,
2015-11-02,24310.0,
2015-11-03,24850.0,
2015-11-04,24634.0,
2015-11-05,24580.0,
2015-11-06,24364.0,
2015-11-09,24364.0,
2015-11-10,24040.0,
2015-11-11,23824.0,
2015-11-12,23608.0,
2015-11-13,23932.0,
2015-11-16,23445.0,
2015-11-17,23445.0,
2015-11-18,23608.0,
2015-11-19,23445.0,
2015-11-20,23608.0,
2015-11-23,23608.0,
2015-11-24,23445.0,
2015-11-25,23445.0,
2015-11-26,23337.0,
2015-11-27,23013.0,
2015-11-30,23121.0,
2015-12-01,23121.0,
2015-12-02,23013.0,
2015-12-03,23121.0,
2015-12-04,22851.0,
2015-12-07,22851.0,
2015-12-08,22905.0,
2015-12-09,22581.0,
2015-12-10,22311.0,
2015-12-11,22419.0,
2015-12-14,22311.0,
2015-12-15,22419.0,
2015-12-16,22527.0,
2015-12-17,22635.0,
2015-12-18,21609.0,
2015-12-21,22419.0,
2015-12-22,22473.0,
2015-12-23,22527.0,
2015-12-24,22689.0,
2015-12-25,22905.0,
2015-12-28,23500.0,
2015-12-29,24580.0,
2015-12-30,24850.0,
2015-12-31,24688.0,
2016-01-04,25660.0,
2016-01-05,25660.0,
2016-01-06,25660.0,
2016-01-07,25930.0,
2016-01-08,25930.0,
2016-01-11,26093.0,
2016-01-12,25930.0,
2016-01-13,25876.0,
2016-01-14,25930.0,
2016-01-15,25660.0,
2016-01-18,25660.0,
2016-01-19,25660.0,
2016-01-20,25606.0,
2016-01-21,25822.0,
2016-01-22,26093.0,
2016-01-25,26093.0,
2016-01-26,25930.0,
2016-01-27,25660.0,
2016-01-28,26093.0,
2016-01-29,25714.0,
2016-02-01,25390.0,
2016-02-02,25390.0,
2016-02-03,25390.0,
2016-02-04,25390.0,
2016-02-05,25174.0,
2016-02-15,24580.0,
2016-02-16,24634.0,
2016-02-17,24580.0,
2016-02-18,24850.0,
2016-02-19,24364.0,
2016-02-22,24418.0,
2016-02-23,24634.0,
2016-02-24,24526.0,
2016-02-25,24580.0,
2016-02-26,24310.0,
2016-02-29,23824.0,
2016-03-01,23824.0,
2016-03-02,24310.0,
2016-03-03,24526.0,
2016-03-04,24742.0,
2016-03-07,24742.0,
2016-03-08,25066.0,
2016-03-09,25120.0,
2016-03-10,25120.0,
2016-03-11,24526.0,
2016-03-14,24526.0,
2016-03-15,24310.0,
2016-03-16,24094.0,
2016-03-17,24310.0,
2016-03-18,23824.0,
2016-03-21,24418.0,
2016-03-22,24580.0,
2016-03-23,24526.0,
2016-03-24,24364.0,
2016-03-25,24742.0,
2016-03-28,25228.0,
2016-03-29,25282.0,
2016-03-30,25390.0,
2016-03-31,25498.0,
2016-04-01,25498.0,
2016-04-04,25444.0,
2016-04-05,25444.0,
2016-04-06,25714.0,
2016-04-07,25498.0,
2016-04-08,25660.0,
2016-04-11,27281.0,
2016-04-12,28091.0,
2016-04-13,28091.0,
2016-04-14,28361.0,
2016-04-15,28091.0,
2016-04-19,26849.0,
2016-04-20,27281.0,
2016-04-21,27821.0,
2016-04-22,29442.0,
2016-04-25,28361.0,
2016-04-26,29172.0,
2016-04-27,28632.0,
2016-04-28,28091.0,
2016-04-29,28361.0,
2016-05-04,27551.0,
2016-05-05,27821.0,
2016-05-06,28361.0,
2016-05-09,28091.0,
2016-05-10,28091.0,
2016-05-11,28902.0,
2016-05-12,28902.0,
2016-05-13,28902.0,
2016-05-16,29712.0,
2016-05-17,29442.0,
2016-05-18,28902.0,
2016-05-19,28902.0,
2016-05-20,27821.0,
2016-05-23,28091.0,
2016-05-24,28091.0,
2016-05-25,28091.0,
2016-05-26,27551.0,
2016-05-27,27821.0,
2016-05-30,28902.0,
2016-05-31,28361.0,
2016-06-01,28902.0,
2016-06-02,28902.0,
2016-06-03,29172.0,
2016-06-06,28902.0,
2016-06-07,29442.0,
2016-06-08,29442.0,
2016-06-09,29442.0,
2016-06-10,29172.0,
2016-06-13,28361.0,
2016-06-14,28902.0,
2016-06-15,28902.0,
2016-06-16,28902.0,
2016-06-17,28091.0,
2016-06-20,28902.0,
2016-06-21,29172.0,
2016-06-22,28361.0,
2016-06-23,28632.0,
2016-06-24,28091.0,
2016-06-27,29023.0,
2016-06-28,28603.0,
2016-06-29,28783.0,
2016-06-30,29622.0,
2016-07-01,30582.0,
2016-07-04,30582.0,
2016-07-05,30582.0,
2016-07-06,30582.0,
2016-07-07,30882.0,
2016-07-08,30882.0,
2016-07-11,30582.0,
2016-07-12,31181.0,
2016-07-13,32980.0,
2016-07-14,32081.0,
2016-07-15,32681.0,
2016-07-18,32381.0,
2016-07-19,31181.0,
2016-07-20,29982.0,
2016-07-21,30282.0,
2016-07-22,29982.0,
2016-07-25,30282.0,
2016-07-26,30282.0,
2016-07-27,30582.0,
2016-07-28,31481.0,
2016-07-29,30582.0,
2016-08-01,30882.0,
2016-08-02,30582.0,
2016-08-03,29562.0,
2016-08-04,28483.0,
2016-08-05,26804.0,
2016-08-08,26804.0,
2016-08-09,27284.0,
2016-08-10,29143.0,
2016-08-11,29383.0,
2016-08-12,29383.0,
2016-08-15,29383.0,
2016-08-16,28723.0,
2016-08-17,28723.0,
2016-08-18,28723.0,
2016-08-19,28603.0,
2016-08-22,28123.0,
2016-08-23,29083.0,
2016-08-24,29083.0,
2016-08-25,28963.0,
2016-08-26,28783.0,
2016-08-29,28783.0,
2016-08-30,28843.0,
2016-08-31,28843.0,
2016-09-01,28783.0,
2016-09-05,28723.0,
2016-09-06,28723.0,
2016-09-07,28483.0,
2016-09-08,28663.0,
2016-09-09,29263.0,
2016-09-12,29862.0,
2016-09-13,29442.0,
2016-09-14,28963.0,
2016-09-15,30265.0,
2016-09-16,31587.0,
2016-09-19,31073.0,
2016-09-20,31293.0,
2016-09-21,32101.0,
2016-09-22,32322.0,
2016-09-23,32579.0,
2016-09-26,32836.0,
2016-09-27,33754.0,
2016-09-28,32799.0,
2016-09-29,33020.0,
2016-09-30,32689.0,
2016-10-03,31587.0,
2016-10-04,32322.0,
2016-10-05,32175.0,
2016-10-06,31367.0,
2016-10-07,31440.0,
2016-10-10,30926.0,
2016-10-11,30926.0,
2016-10-12,31000.0,
2016-10-13,31587.0,
2016-10-14,31587.0,
2016-10-17,31587.0,
2016-10-18,31514.0,
2016-10-19,32175.0,
2016-10-20,31808.0,
2016-10-21,31587.0,
2016-10-24,31587.0,
2016-10-25,31367.0,
2016-10-26,31183.0,
2016-10-27,31440.0,
2016-10-28,31477.0,
2016-10-31,31220.0,
2016-11-01,31404.0,
2016-11-02,31073.0,
2016-11-03,31146.0,
2016-11-04,31146.0,
2016-11-07,31404.0,
2016-11-08,31440.0,
2016-11-09,31220.0,
2016-11-10,31440.0,
2016-11-11,32322.0,
2016-11-14,31514.0,
2016-11-15,31404.0,
2016-11-16,31367.0,
2016-11-17,31367.0,
2016-11-18,31293.0,
2016-11-21,31293.0,
2016-11-22,31293.0,
2016-11-23,31367.0,
2016-11-24,31220.0,
2016-11-25,31220.0,
2016-11-28,31220.0,
2016-11-29,30485.0,
2016-11-30,30853.0,
2016-12-01,30853.0,
2016-12-02,30853.0,
2016-12-05,30816.0,
2016-12-06,30632.0,
2016-12-07,30853.0,
2016-12-08,30853.0,
2016-12-09,30853.0,
2016-12-12,30853.0,
2016-12-13,30853.0,
2016-12-14,31183.0,
2016-12-15,30853.0,
2016-12-16,31220.0,
2016-12-19,31440.0,
2016-12-20,30742.0,
2016-12-21,30412.0,
2016-12-22,30853.0,
2016-12-23,30926.0,
2016-12-26,30853.0,
2016-12-27,31073.0,
2016-12-28,30559.0,
2016-12-29,30779.0,
2016-12-30,30853.0,
2017-01-03,30559.0,
2017-01-04,30889.0,
2017-01-05,31073.0,
2017-01-06,31661.0,
2017-01-09,31734.0,
2017-01-10,31514.0,
2017-01-11,31587.0,
2017-01-12,31587.0,
2017-01-13,31808.0,
2017-01-16,31477.0,
2017-01-17,31330.0,
2017-01-18,30926.0,
2017-01-19,30853.0,
2017-01-20,30853.0,
2017-01-23,30853.0,
2017-01-24,30485.0,
2017-01-25,30853.0,
2017-02-02,31220.0,
2017-02-03,30853.0,
2017-02-06,31146.0,
2017-02-07,31440.0,
2017-02-08,31404.0,
2017-02-09,31330.0,
2017-02-10,31220.0,
2017-02-13,31220.0,
2017-02-14,31257.0,
2017-02-15,32689.0,
2017-02-16,32322.0,
2017-02-17,32322.0,
2017-02-20,33277.0,
2017-02-21,34122.0,
2017-02-22,33571.0,
2017-02-23,33240.0,
2017-02-24,33240.0,
2017-02-27,33754.0,
2017-02-28,33056.0,
2017-03-01,32836.0,
2017-03-02,32395.0,
2017-03-03,32689.0,
2017-03-06,32873.0,
2017-03-07,32946.0,
2017-03-08,32689.0,
2017-03-09,32469.0,
2017-03-10,32469.0,
2017-03-13,32469.0,
2017-03-14,32359.0,
2017-03-15,31955.0,
2017-03-16,32322.0,
2017-03-17,32175.0,
2017-03-20,31808.0,
2017-03-21,30449.0,
2017-03-22,30596.0,
2017-03-23,31220.0,
2017-03-24,31110.0,
2017-03-27,31110.0,
2017-03-28,30853.0,
2017-03-29,31000.0,
2017-03-30,31000.0,
2017-03-31,30706.0,
2017-04-03,30485.0,
2017-04-04,30853.0,
2017-04-05,30559.0,
2017-04-07,30853.0,
2017-04-10,31146.0,
2017-04-11,31257.0,
2017-04-12,30889.0,
2017-04-13,31146.0,
2017-04-14,30669.0,
2017-04-17,30669.0,
2017-04-18,30632.0,
2017-04-19,30485.0,
2017-04-20,29824.0,
2017-04-21,29751.0,
2017-04-24,29383.0,
2017-04-25,29641.0,
2017-04-26,29677.0,
2017-04-27,30045.0,
2017-04-28,30045.0,
2017-05-03,29751.0,
2017-05-04,29604.0,
2017-05-05,29677.0,
2017-05-08,29677.0,
2017-05-09,29934.0,
2017-05-10,29714.0,
2017-05-11,29751.0,
2017-05-12,29751.0,
2017-05-15,30045.0,
2017-05-16,30485.0,
2017-05-17,30338.0,
2017-05-18,30338.0,
2017-05-19,30045.0,
2017-05-22,30265.0,
2017-05-23,30008.0,
2017-05-24,29751.0,
2017-05-25,29420.0,
2017-05-26,29751.0,
2017-05-29,29861.0,
2017-05-30,29567.0,
2017-05-31,29567.0,
2017-06-01,29788.0,
2017-06-02,29824.0,
2017-06-05,29824.0,
2017-06-06,29861.0,
2017-06-07,30118.0,
2017-06-08,30338.0,
2017-06-09,30559.0,
2017-06-12,31110.0,
2017-06-13,31587.0,
2017-06-14,30485.0,
2017-06-15,31073.0,
2017-06-16,31587.0,
2017-06-19,31661.0,
2017-06-20,31073.0,
2017-06-21,31440.0,
2017-06-22,30926.0,
2017-06-23,30889.0,
2017-06-26,31440.0,
2017-06-27,31293.0,
2017-06-28,31183.0,
2017-06-29,31110.0,
2017-06-30,31367.0,
2017-07-03,31073.0,
2017-07-04,30853.0,
2017-07-05,30853.0,
2017-07-06,31146.0,
2017-07-07,30853.0,
2017-07-10,30192.0,
2017-07-11,30926.0,
2017-07-12,31293.0,
2017-07-13,31293.0,
2017-07-14,31293.0,
2017-07-17,31146.0,
2017-07-18,31073.0,
2017-07-19,30853.0,
2017-07-20,31146.0,
2017-07-21,31183.0,
2017-07-24,31000.0,
2017-07-25,30853.0,
2017-07-26,31293.0,
2017-07-27,31073.0,
2017-07-28,31514.0,
2017-07-31,32689.0,
2017-08-01,32616.0,
2017-08-02,32616.0,
2017-08-03,32616.0,
2017-08-04,32726.0,
2017-08-07,32689.0,
2017-08-08,32983.0,
2017-08-09,31955.0,
2017-08-10,31734.0,
2017-08-11,31955.0,
2017-08-14,31955.0,
2017-08-15,31293.0,
2017-08-16,31440.0,
2017-08-17,31404.0,
2017-08-18,31404.0,
2017-08-21,31514.0,
2017-08-22,31440.0,
2017-08-23,31808.0,
2017-08-24,31991.0,
2017-08-25,32726.0,
2017-08-28,33424.0,
2017-08-29,33828.0,
2017-08-30,36142.0,
2017-08-31,35995.0,
2017-09-01,36289.0,
2017-09-05,36876.0,
2017-09-06,36729.0,
2017-09-07,36693.0,
2017-09-08,37170.0,
2017-09-11,36215.0,
2017-09-12,36215.0,
2017-09-13,35334.0,
2017-09-14,36105.0,
2017-09-15,35921.0,
2017-09-18,35995.0,
2017-09-19,36068.0,
2017-09-20,35995.0,
2017-09-21,36068.0,
2017-09-22,36068.0,
2017-09-25,35995.0,
2017-09-26,36289.0,
2017-09-27,37537.0,
2017-09-28,37317.0,
2017-09-29,37611.0,
2017-10-02,37464.0,
2017-10-03,37537.0,
2017-10-04,38199.0,
2017-10-05,38713.0,
2017-10-06,38639.0,
2017-10-09,38199.0,
2017-10-10,38345.0,
2017-10-11,40329.0,
2017-10-12,40402.0,
2017-10-13,41137.0,
2017-10-16,40108.0,
2017-10-17,40623.0,
2017-10-18,40329.0,
2017-10-19,40402.0,
2017-10-20,40623.0,
2017-10-23,40696.0,
2017-10-24,40770.0,
2017-10-25,40623.0,
2017-10-26,40623.0,
2017-10-27,41871.0,
2017-10-30,42606.0,
2017-10-31,42973.0,
2017-11-01,43047.0,
2017-11-02,44075.0,
2017-11-03,44222.0,
2017-11-06,44443.0,
2017-11-07,45544.0,
2017-11-08,48115.0,
2017-11-09,50393.0,
2017-11-10,48483.0,
2017-11-13,50393.0,
2017-11-14,50393.0,
2017-11-15,50687.0,
2017-11-16,51348.0,
2017-11-17,52450.0,
2017-11-20,56049.0,
2017-11-21,56563.0,
2017-11-22,55829.0,
2017-11-23,56196.0,
2017-11-24,54727.0,
2017-11-27,55829.0,
2017-11-28,55976.0,
2017-11-29,55976.0,
2017-11-30,54727.0,
2017-12-01,54800.0,
2017-12-04,55902.0,
2017-12-05,53625.0,
2017-12-06,53625.0,
2017-12-07,52890.0,
2017-12-08,53625.0,
2017-12-11,52890.0,
2017-12-12,52303.0,
2017-12-13,52890.0,
2017-12-14,52890.0,
2017-12-15,51568.0,
2017-12-18,54359.0,
2017-12-19,53992.0,
2017-12-20,53992.0,
2017-12-21,53625.0,
2017-12-22,55535.0,
2017-12-25,57298.0,
2017-12-26,57298.0,
2017-12-27,56710.0,
2017-12-28,56857.0,
2017-12-29,56784.0,
2018-01-02,57445.0,
2018-01-03,59134.0,
2018-01-04,59502.0,
2018-01-05,58767.0,
2018-01-08,58987.0,
2018-01-09,59208.0,
2018-01-10,59355.0,
2018-01-11,59502.0,
2018-01-12,62734.0,
2018-01-15,64056.0,
2018-01-16,63174.0,
2018-01-17,61705.0,
2018-01-18,61999.0,
2018-01-19,61705.0,
2018-01-22,62440.0,
2018-01-23,62440.0,
2018-01-24,62440.0,
2018-01-25,62513.0,
2018-01-26,62807.0,
2018-01-29,62807.0,
2018-01-30,62440.0,
2018-01-31,63174.0,
2018-02-01,63615.0,
2018-02-02,64056.0,
2018-02-05,59575.0,
2018-02-06,59575.0,
2018-02-07,59502.0,
2018-02-08,58032.0,
2018-02-09,57445.0,
2018-02-12,61411.0,
2018-02-13,63248.0,
2018-02-21,66113.0,
2018-02-22,66480.0,
2018-02-23,67288.0,
2018-02-26,69786.0,
2018-02-27,68684.0,
2018-02-28,69712.0,
2018-03-01,69051.0,
2018-03-02,69418.0,
2018-03-05,69051.0,
2018-03-06,72357.0,
2018-03-07,72430.0,
2018-03-08,75809.0,
2018-03-09,76030.0,
2018-03-12,73459.0,
2018-03-13,75369.0,
2018-03-14,75295.0,
2018-03-15,73091.0,
2018-03-16,73238.0,
2018-03-19,76691.0,
2018-03-20,76544.0,
2018-03-21,79335.0,
2018-03-22,79335.0,
2018-03-23,80437.0,
2018-03-26,83596.0,
2018-03-27,83008.0,
2018-03-28,84110.0,
2018-03-29,84478.0,
2018-03-30,86094.0,
2018-04-02,90354.0,
2018-04-03,89840.0,
2018-04-04,93660.0,
2018-04-05,96231.0,
2018-04-06,97259.0,
2018-04-09,99096.0,
2018-04-10,96231.0,
2018-04-11,92558.0,
2018-04-12,93293.0,
2018-04-13,93733.0,
2018-04-16,94541.0,
2018-04-17,95496.0,
2018-04-18,95423.0,
2018-04-19,88812.0,
2018-04-20,90354.0,
2018-04-23,90501.0,
2018-04-24,93293.0,
2018-04-26,93293.0,
2018-04-27,92558.0,
2018-05-02,91823.0,
2018-05-03,90354.0,
2018-05-04,91456.0,
2018-05-07,91530.0,
2018-05-08,91015.0,
2018-05-09,90281.0,
2018-05-10,88518.0,
2018-05-11,91089.0,
2018-05-14,96965.0,
2018-05-15,96965.0,
2018-05-16,95496.0,
2018-05-17,90354.0,
2018-05-18,90354.0,
2018-05-21,84037.0,
2018-05-22,78160.0,
2018-05-23,75662.0,
2018-05-24,76471.0,
2018-05-25,78601.0,
2018-05-28,81539.0,
2018-05-29,80805.0,
2018-05-30,81539.0,
2018-05-31,85212.0,
2018-06-01,87416.0,
2018-06-04,88150.0,
2018-06-05,88958.0,
2018-06-06,91162.0,
2018-06-07,91236.0,
2018-06-08,91236.0,
2018-06-11,91309.0,
2018-06-12,91383.0,
2018-06-13,94027.0,
2018-06-14,92558.0,
2018-06-15,90721.0,
2018-06-18,90648.0,
2018-06-19,90354.0,
2018-06-20,91823.0,
2018-06-21,91089.0,
2018-06-22,90207.0,
2018-06-25,90868.0,
2018-06-26,90795.0,300000.0
2018-06-27,91970.0,321000.0
2018-06-28,95557.0,343000.0
2018-06-29,95557.0,319000.0
2018-07-02,95290.0,296700.0
2018-07-03,88623.0,276000.0
2018-07-04,93335.0,256700.0
2018-07-05,94668.0,241000.0
2018-07-06,94401.0,225000.0
2018-07-09,93335.0,240700.0
2018-07-10,91557.0,256500.0
2018-07-11,92890.0,250000.0
2018-07-12,91557.0,244000.0
2018-07-13,91557.0,245400.0
2018-07-16,91112.0,245000.0
2018-07-17,92446.0,239000.0
2018-07-18,93335.0,244900.0
2018-07-19,93335.0,244900.0
2018-07-20,92090.0,228000.0
2018-07-23,92446.0,221000.0
2018-07-24,92890.0,235000.0
2018-07-25,92801.0,251400.0
2018-07-26,94223.0,233900.0
2018-07-27,94579.0,217600.0
2018-07-30,94579.0,202400.0
2018-07-31,94579.0,202400.0
2018-08-01,94668.0,200900.0
2018-08-02,94846.0,191100.0
2018-08-03,99112.0,200000.0
2018-08-06,99112.0,191000.0
2018-08-07,98046.0,194000.0
2018-08-08,96712.0,197000.0
2018-08-09,92623.0,197000.0
2018-08-10,92623.0,195000.0
2018-08-13,91379.0,196700.0
2018-08-14,91823.0,196100.0
2018-08-15,90579.0,197100.0
2018-08-16,90757.0,196000.0
2018-08-17,90934.0,195000.0
2018-08-20,91201.0,197800.0
2018-08-21,91646.0,198000.0
2018-08-22,92090.0,195500.0
2018-08-23,92979.0,181900.0
2018-08-24,92446.0,194600.0
2018-08-27,92623.0,181000.0
2018-08-28,92623.0,193600.0
2018-08-29,91557.0,198000.0
2018-08-30,91912.0,197000.0
2018-08-31,91912.0,196000.0
2018-09-04,90757.0,209700.0
2018-09-05,90223.0,224300.0
2018-09-06,87112.0,235000.0
2018-09-07,86401.0,218600.0
2018-09-10,88268.0,217000.0
2018-09-11,89957.0,216400.0
2018-09-12,90134.0,218900.0
2018-09-13,89157.0,219300.0
2018-09-14,89779.0,221400.0
2018-09-17,88001.0,234000.0
2018-09-18,88534.0,235000.0
2018-09-19,87646.0,229000.0
2018-09-20,87557.0,229000.0
2018-09-21,87646.0,230000.0
2018-09-24,88534.0,221500.0
2018-09-25,88446.0,220000.0
2018-09-26,88001.0,223700.0
2018-09-27,87646.0,222000.0
2018-09-28,87379.0,222000.0
2018-10-01,87557.0,224900.0
2018-10-02,90668.0,224900.0
2018-10-03,90846.0,228300.0
2018-10-04,89423.0,227000.0
2018-10-05,87557.0,230100.0
2018-10-08,85868.0,239000.0
2018-10-09,85868.0,244000.0
2018-10-10,85868.0,239100.0
2018-10-11,82668.0,228000.0
2018-10-12,85334.0,238100.0
2018-10-15,84890.0,251100.0
2018-10-16,87646.0,251100.0
2018-10-17,88001.0,268600.0
2018-10-18,88090.0,280000.0
2018-10-19,88090.0,279000.0
2018-10-22,88090.0,281900.0
2018-10-23,88001.0,285600.0
2018-10-24,87823.0,280000.0
2018-10-25,86046.0,277200.0
2018-10-26,85690.0,279200.0
2018-10-29,86401.0,279200.0
2018-10-30,85868.0,279300.0
2018-10-31,86401.0,279100.0
2018-11-01,84890.0,280000.0
2018-11-02,85334.0,286000.0
2018-11-05,85334.0,282000.0
2018-11-06,85157.0,282900.0
2018-11-07,85334.0,285000.0
2018-11-08,85334.0,287000.0
2018-11-09,85246.0,289800.0
2018-11-12,85246.0,300000.0
2018-11-13,82934.0,292000.0
2018-11-14,84179.0,301000.0
2018-11-15,81512.0,301500.0
2018-11-16,80090.0,285000.0
2018-11-19,85690.0,290000.0
2018-11-20,86401.0,290000.0
2018-11-21,86490.0,289000.0
2018-11-22,87112.0,289000.0
2018-11-23,88001.0,280000.0
2018-11-26,89334.0,279500.0
2018-11-27,90223.0,270000.0
2018-11-28,90668.0,284000.0
2018-11-29,90668.0,267000.0
2018-11-30,90401.0,264900.0
2018-12-03,90579.0,280000.0
2018-12-04,90668.0,279900.0
2018-12-05,90757.0,279000.0
2018-12-06,90757.0,267000.0
2018-12-07,90846.0,270000.0
2018-12-10,90757.0,270000.0
2018-12-11,90846.0,270000.0
2018-12-12,90846.0,270000.0
2018-12-13,91379.0,264500.0
2018-12-14,91290.0,256500.0
2018-12-17,91112.0,250000.0
2018-12-18,90668.0,242000.0
2018-12-19,90668.0,234500.0
2018-12-20,90579.0,230000.0
2018-12-21,90668.0,230000.0
2018-12-24,90668.0,230000.0
2018-12-25,90579.0,214700.0
2018-12-26,90579.0,228000.0
2018-12-27,91023.0,235000.0
2018-12-28,84712.0,235000.0
2019-01-02,89246.0,238000.0
2019-01-03,89157.0,238000.0
2019-01-04,89423.0,238000.0
2019-01-07,89779.0,235000.0
2019-01-08,89779.0,249900.0
2019-01-09,90223.0,232600.0
2019-01-10,90134.0,242000.0
2019-01-11,90134.0,243000.0
2019-01-14,90134.0,240000.0
2019-01-15,90223.0,241000.0
2019-01-16,90668.0,236200.0
2019-01-17,90668.0,236000.0
2019-01-18,90846.0,231000.0
2019-01-21,91023.0,237900.0
2019-01-22,91023.0,237900.0
2019-01-23,91201.0,235900.0
2019-01-24,91379.0,235500.0
2019-01-25,91468.0,236000.0
2019-01-28,92179.0,230500.0
2019-01-29,92357.0,235100.0
2019-01-30,92357.0,240000.0
2019-01-31,92357.0,236000.0
2019-02-01,87823.0,239000.0
2019-02-11,92446.0,232500.0
2019-02-12,96979.0,234500.0
2019-02-13,96890.0,236900.0
2019-02-14,100357.0,236800.0
2019-02-15,99557.0,235900.0
2019-02-18,101068.0,234500.0
2019-02-19,103112.0,234900.0
2019-02-20,103557.0,240000.0
2019-02-21,105246.0,239500.0
2019-02-22,104001.0,239800.0
2019-02-25,103379.0,236000.0
2019-02-26,102668.0,236100.0
2019-02-27,104357.0,239400.0
2019-02-28,101335.0,240200.0
2019-03-01,102312.0,245000.0
2019-03-04,104357.0,227900.0
2019-03-05,104268.0,212000.0
2019-03-06,104624.0,197200.0
2019-03-07,105957.0,183400.0
2019-03-08,104979.0,170600.0
2019-03-11,105157.0,158700.0
2019-03-12,105424.0,147600.0
2019-03-13,104446.0,137300.0
2019-03-14,105512.0,127700.0
2019-03-15,105512.0,118800.0
2019-03-18,107824.0,110500.0
2019-03-19,107557.0,102800.0
2019-03-20,106846.0,95700.0
2019-03-21,104001.0,102300.0
2019-03-22,105424.0,109400.0
2019-03-25,102401.0,117000.0
2019-03-26,101068.0,121000.0
2019-03-27,101246.0,112800.0
2019-03-28,103024.0,105000.0
2019-03-29,103024.0,100000.0
2019-04-01,103557.0,102600.0
2019-04-02,103379.0,102800.0
2019-04-03,102135.0,109900.0
2019-04-04,102312.0,117500.0
2019-04-05,102312.0,122000.0
2019-04-08,102668.0,115000.0
2019-04-09,100446.0,110000.0
2019-04-10,99379.0,107700.0
2019-04-11,102224.0,112000.0
2019-04-12,100623.0,114000.0
2019-04-16,100535.0,112000.0
2019-04-17,97779.0,112000.0
2019-04-18,96890.0,111000.0
2019-04-19,97868.0,112000.0
2019-04-22,99468.0,110100.0
2019-04-23,100446.0,111000.0
2019-04-24,101157.0,112000.0
2019-04-25,100979.0,112100.0
2019-04-26,101068.0,112100.0
2019-05-02,100979.0,110900.0
2019-05-03,100001.0,110000.0
2019-05-06,99735.0,109000.0
2019-05-07,100090.0,109000.0
2019-05-08,100090.0,106500.0
2019-05-09,100090.0,104000.0
2019-05-10,100179.0,103000.0
2019-05-13,100357.0,102500.0
2019-05-14,100890.0,96600.0
2019-05-15,102490.0,93300.0
2019-05-16,103912.0,97400.0
2019-05-17,103912.0,102000.0
2019-05-20,104446.0,104400.0
2019-05-21,104446.0,105000.0
2019-05-22,104446.0,108000.0
2019-05-23,104001.0,100500.0
2019-05-24,102224.0,93500.0
2019-05-27,102224.0,93000.0
2019-05-28,101335.0,93600.0
2019-05-29,102401.0,93100.0
2019-05-30,102224.0,92700.0
2019-05-31,101868.0,91100.0
2019-06-03,101779.0,89800.0
2019-06-04,101868.0,84500.0
2019-06-05,103024.0,90300.0
2019-06-06,103024.0,93900.0
2019-06-07,104001.0,94000.0
2019-06-10,104535.0,91200.0
2019-06-11,104001.0,91200.0
2019-06-12,103112.0,91200.0
2019-06-13,102668.0,91700.0
2019-06-14,102668.0,93500.0
2019-06-17,101779.0,91800.0
2019-06-18,101335.0,87000.0
2019-06-19,103024.0,87800.0
2019-06-20,103112.0,88500.0
2019-06-21,101779.0,87500.0
2019-06-24,103468.0,84000.0
2019-06-25,103468.0,82000.0
2019-06-26,103912.0,78000.0
2019-06-27,102135.0,76100.0
2019-06-28,102846.0,73500.0
2019-07-01,104179.0,75000.0
2019-07-02,102935.0,75000.0
2019-07-03,102579.0,76000.0
2019-07-04,103557.0,76000.0
2019-07-05,103735.0,77000.0
2019-07-08,103112.0,79000.0
2019-07-09,103112.0,84000.0
2019-07-10,103824.0,86900.0
2019-07-11,103557.0,84500.0
2019-07-12,103112.0,81000.0
2019-07-15,101512.0,79600.0
2019-07-16,103024.0,81200.0
2019-07-17,102668.0,80800.0
2019-07-18,102046.0,79400.0
2019-07-19,103112.0,78000.0
2019-07-22,103557.0,75500.0
2019-07-23,106490.0,74000.0
2019-07-24,108446.0,74800.0
2019-07-25,109512.0,74000.0
2019-07-26,108535.0,72000.0
2019-07-29,110579.0,67000.0
2019-07-30,108890.0,62400.0
2019-07-31,108446.0,59500.0
2019-08-01,110579.0,60500.0
2019-08-02,108890.0,60500.0
2019-08-05,104890.0,56300.0
2019-08-06,106490.0,52400.0
2019-08-07,104890.0,50000.0
2019-08-08,108446.0,49000.0
2019-08-09,106846.0,52400.0
2019-08-12,106668.0,55300.0
2019-08-13,104979.0,52500.0
2019-08-14,105424.0,54600.0
2019-08-15,107557.0,53100.0
2019-08-16,108446.0,50300.0
2019-08-19,108357.0,52000.0
2019-08-20,107557.0,50500.0
2019-08-21,108801.0,51000.0
2019-08-22,112090.0,50500.0
2019-08-23,111113.0,51000.0
2019-08-26,110935.0,50700.0
2019-08-27,108890.0,50700.0
2019-08-28,108446.0,50700.0
2019-08-29,108890.0,50300.0
2019-08-30,109779.0,50500.0
2019-09-03,109335.0,54000.0
2019-09-04,108801.0,57700.0
2019-09-05,108446.0,61700.0
2019-09-06,107646.0,65000.0
2019-09-09,108979.0,69500.0
2019-09-10,108446.0,70500.0
2019-09-11,108001.0,65600.0
2019-09-12,108001.0,61800.0
2019-09-13,108801.0,57900.0
2019-09-16,109157.0,56200.0
2019-09-17,109157.0,60100.0
2019-09-18,108624.0,64300.0
2019-09-19,108001.0,60400.0
2019-09-20,106135.0,63000.0
2019-09-23,105779.0,63500.0
2019-09-24,106757.0,61000.0
2019-09-25,106401.0,60100.0
2019-09-26,105779.0,61000.0
2019-09-27,106490.0,61200.0
2019-09-30,106490.0,60000.0
2019-10-01,106579.0,60500.0
2019-10-02,104890.0,61000.0
2019-10-03,104890.0,60200.0
2019-10-04,104890.0,60000.0
2019-10-07,104001.0,60300.0
2019-10-08,104090.0,60900.0
2019-10-09,104001.0,60000.0
2019-10-10,103912.0,59600.0
2019-10-11,104890.0,60000.0
2019-10-14,104890.0,60000.0
2019-10-15,105246.0,60100.0
2019-10-16,104890.0,60000.0
2019-10-17,104001.0,60000.0
2019-10-18,104001.0,60000.0
2019-10-21,103912.0,60000.0
2019-10-22,103824.0,55800.0
2019-10-23,104090.0,53100.0
2019-10-24,104179.0,56500.0
2019-10-25,104179.0,55000.0
2019-10-28,104624.0,54700.0
2019-10-29,104712.0,54300.0
2019-10-30,106312.0,54100.0
2019-10-31,105779.0,53600.0
2019-11-01,108890.0,53400.0
2019-11-04,108179.0,52800.0
2019-11-05,108001.0,52600.0
2019-11-06,108357.0,52700.0
2019-11-07,107379.0,52200.0
2019-11-08,107112.0,51800.0
2019-11-11,105690.0,51300.0
2019-11-12,106135.0,50800.0
2019-11-13,105779.0,50200.0
2019-11-14,106046.0,50200.0
2019-11-15,106312.0,49500.0
2019-11-18,104979.0,49000.0
2019-11-19,104090.0,48700.0
2019-11-20,103112.0,48250.0
2019-11-21,102490.0,47500.0
2019-11-22,103290.0,46750.0
2019-11-25,103112.0,45650.0
2019-11-26,102401.0,45200.0
2019-11-27,102757.0,45100.0
2019-11-28,102846.0,44650.0
2019-11-29,102846.0,44250.0
2019-12-02,102224.0,43500.0
2019-12-03,102224.0,42000.0
2019-12-04,102668.0,41000.0
2019-12-05,102935.0,40300.0
2019-12-06,103024.0,39900.0
2019-12-09,103024.0,39800.0
2019-12-10,103024.0,39000.0
2019-12-11,103024.0,37800.0
2019-12-12,103112.0,37600.0
2019-12-13,103112.0,40200.0
2019-12-16,102935.0,43000.0
2019-12-17,102935.0,41800.0
2019-12-18,102935.0,39000.0
2019-12-19,102935.0,39000.0
2019-12-20,102935.0,37000.0
2019-12-23,102846.0,38500.0
2019-12-24,102668.0,38500.0
2019-12-25,102668.0,38300.0
2019-12-26,102579.0,38400.0
2019-12-27,102401.0,37700.0
2019-12-30,102224.0,37700.0
2019-12-31,102224.0,37000.0
2020-01-02,102224.0,38200.0
2020-01-03,102490.0,37000.0
2020-01-06,101779.0,37900.0
2020-01-07,101957.0,38500.0
2020-01-08,101601.0,36500.0
2020-01-09,101957.0,37000.0
2020-01-10,102046.0,36200.0
2020-01-13,102135.0,36300.0
2020-01-14,102224.0,36900.0
2020-01-15,102224.0,37000.0
2020-01-16,102224.0,37050.0
2020-01-17,102135.0,37000.0
2020-01-20,102135.0,37500.0
2020-01-21,102135.0,36900.0
2020-01-22,102135.0,37100.0
2020-01-30,102135.0,37000.0
2020-01-31,102046.0,37000.0
2020-02-03,102046.0,35500.0
2020-02-04,102046.0,36450.0
2020-02-05,101779.0,37500.0
2020-02-06,101690.0,37800.0
2020-02-07,101690.0,37450.0
2020-02-10,101068.0,37500.0
2020-02-11,100801.0,40100.0
2020-02-12,99557.0,42900.0
2020-02-13,99912.0,45900.0
2020-02-14,97779.0,49100.0
2020-02-17,96001.0,49500.0
2020-02-18,92890.0,50400.0
2020-02-19,93335.0,51000.0
2020-02-20,97779.0,50000.0
2020-02-21,97690.0,50200.0
2020-02-24,95379.0,49000.0
2020-02-25,95112.0,49300.0
2020-02-26,94135.0,52700.0
2020-02-27,93868.0,56300.0
2020-02-28,93690.0,60200.0
2020-03-02,93690.0,64400.0
2020-03-03,93779.0,68900.0
2020-03-04,93779.0,73700.0
2020-03-05,93868.0,78800.0
2020-03-06,93335.0,83000.0
2020-03-09,86846.0,77200.0
2020-03-10,86846.0,71800.0
2020-03-11,86223.0,66800.0
2020-03-12,81601.0,71400.0
2020-03-13,82223.0,75200.0
2020-03-16,82223.0,70000.0
2020-03-17,78668.0,65100.0
2020-03-18,79112.0,60600.0
2020-03-19,78845.0,56400.0
2020-03-20,73334.0,52500.0
2020-03-23,68268.0,48850.0
2020-03-24,63556.0,45450.0
2020-03-25,68001.0,48600.0
2020-03-26,72712.0,52000.0
2020-03-27,77157.0,55000.0
2020-03-30,72356.0,51200.0
2020-03-31,74134.0,47650.0
2020-04-01,76445.0,49600.0
2020-04-03,80890.0,49700.0
2020-04-06,86490.0,51100.0
2020-04-07,86490.0,51800.0
2020-04-08,83557.0,50500.0
2020-04-09,85334.0,51000.0
2020-04-10,84446.0,49800.0
2020-04-13,85334.0,50700.0
2020-04-14,84979.0,49750.0
2020-04-15,85334.0,51600.0
2020-04-16,85246.0,55200.0
2020-04-17,85423.0,59000.0
2020-04-20,85512.0,61500.0
2020-04-21,82668.0,57500.0
2020-04-22,82223.0,61000.0
2020-04-23,82668.0,60200.0
2020-04-24,82668.0,58700.0
2020-04-27,81779.0,55500.0
2020-04-28,81779.0,57000.0
2020-04-29,81690.0,56800.0
2020-05-04,81601.0,54500.0
2020-05-05,82401.0,53500.0
2020-05-06,84446.0,53500.0
2020-05-07,85334.0,54700.0
2020-05-08,86668.0,54900.0
2020-05-11,86668.0,55000.0
2020-05-12,86223.0,55700.0
2020-05-13,84446.0,55000.0
2020-05-14,85334.0,54900.0
2020-05-15,86223.0,54800.0
2020-05-18,85779.0,58600.0
2020-05-19,85779.0,61600.0
2020-05-20,85868.0,63000.0
2020-05-21,87112.0,61200.0
2020-05-22,85690.0,59000.0
2020-05-25,86312.0,59900.0
2020-05-26,86134.0,59500.0
2020-05-27,86134.0,58400.0
2020-05-28,86223.0,58200.0
2020-05-29,86223.0,58200.0
2020-06-01,86401.0,58500.0
2020-06-02,85957.0,57900.0
2020-06-03,86046.0,57600.0
2020-06-04,85334.0,57800.0
2020-06-05,84446.0,57800.0
2020-06-08,85334.0,58300.0
2020-06-09,85512.0,57700.0
2020-06-10,84979.0,57600.0
2020-06-11,82668.0,56000.0
2020-06-12,81601.0,54800.0
2020-06-15,79112.0,53000.0
2020-06-16,83023.0,54200.0
2020-06-17,81690.0,53500.0
2020-06-18,80890.0,54000.0
2020-06-19,86490.0,54100.0
2020-06-22,86134.0,54000.0
2020-06-23,83734.0,54700.0
2020-06-24,84179.0,54000.0
2020-06-25,83023.0,54000.0
2020-06-26,81334.0,54000.0
2020-06-29,79112.0,52000.0
2020-06-30,79112.0,51400.0
2020-07-01,80890.0,53000.0
2020-07-02,79912.0,53400.0
2020-07-03,80179.0,53600.0
2020-07-06,81245.0,53900.0
2020-07-07,80890.0,53500.0
2020-07-08,80712.0,53000.0
2020-07-09,80890.0,55000.0
2020-07-10,81245.0,54900.0
2020-07-13,81157.0,54200.0
2020-07-14,81157.0,57900.0
2020-07-15,80445.0,59600.0
2020-07-16,82668.0,58800.0
2020-07-17,81334.0,58300.0
2020-07-20,80179.0,58000.0
2020-07-21,80179.0,58000.0
2020-07-22,79823.0,54000.0
2020-07-23,80001.0,53000.0
2020-07-24,78223.0,49600.0
2020-07-27,75557.0,46150.0
2020-07-28,75734.0,49300.0
2020-07-29,74223.0,46500.0
2020-07-30,75645.0,47000.0
2020-07-31,77779.0,45900.0
2020-08-03,77868.0,47000.0
2020-08-04,78223.0,47500.0
2020-08-05,77334.0,47500.0
2020-08-06,77779.0,47600.0
2020-08-07,77779.0,47500.0
2020-08-10,78401.0,49250.0
2020-08-11,77779.0,49900.0
2020-08-12,77690.0,51800.0
2020-08-13,78223.0,51000.0
2020-08-14,77690.0,50000.0
2020-08-17,77957.0,50000.0
2020-08-18,76890.0,49100.0
2020-08-19,76890.0,49800.0
2020-08-20,76445.0,48600.0
2020-08-21,76534.0,48300.0
2020-08-24,79112.0,48700.0
2020-08-25,80890.0,49800.0
2020-08-26,80890.0,50300.0
2020-08-27,80890.0,51000.0
2020-08-28,79912.0,52900.0
2020-08-31,80001.0,52000.0
2020-09-01,82401.0,51500.0
2020-09-03,84001.0,50700.0
2020-09-04,83557.0,50500.0
2020-09-07,81334.0,50000.0
2020-09-08,80445.0,50100.0
2020-09-09,80445.0,50000.0
2020-09-10,80445.0,49200.0
2020-09-11,80979.0,49000.0
2020-09-14,82757.0,49900.0
2020-09-15,84446.0,49700.0
2020-09-16,84890.0,49500.0
2020-09-17,83557.0,49400.0
2020-09-18,83557.0,49200.0
2020-09-21,85334.0,49000.0
2020-09-22,84090.0,49000.0
2020-09-23,84001.0,49000.0
2020-09-24,82668.0,48900.0
2020-09-25,82490.0,48300.0
2020-09-28,82490.0,48250.0
2020-09-29,81334.0,47600.0
2020-09-30,81334.0,47000.0
2020-10-01,82223.0,48500.0
2020-10-02,83557.0,47800.0
2020-10-05,82934.0,47800.0
2020-10-06,81601.0,47600.0
2020-10-07,82223.0,47700.0
2020-10-08,82045.0,47400.0
2020-10-09,83201.0,47600.0
2020-10-12,83468.0,44750.0
2020-10-13,83645.0,44000.0
2020-10-14,84446.0,43800.0
2020-10-15,86668.0,44750.0
2020-10-16,86757.0,45700.0
2020-10-19,86846.0,45000.0
2020-10-20,86934.0,44900.0
2020-10-21,86490.0,45000.0
2020-10-22,88979.0,45000.0
2020-10-23,92446.0,45050.0
2020-10-26,93423.0,44800.0
2020-10-27,93957.0,44800.0
2020-10-28,89068.0,44250.0
2020-10-29,89512.0,44500.0
2020-10-30,94668.0,44900.0
2020-11-02,94668.0,44800.0
2020-11-03,92801.0,44500.0
2020-11-04,92001.0,44900.0
2020-11-05,92890.0,44300.0
2020-11-06,93423.0,44800.0
2020-11-09,94312.0,45500.0
2020-11-10,93868.0,45400.0
2020-11-11,94046.0,45400.0
2020-11-12,94935.0,45000.0
2020-11-13,95468.0,44500.0
2020-11-16,90668.0,44800.0
2020-11-17,94223.0,44600.0
2020-11-18,93246.0,44200.0
2020-11-19,92446.0,44200.0
2020-11-20,92268.0,44900.0
2020-11-23,92268.0,44700.0
2020-11-24,92446.0,44300.0
2020-11-25,93868.0,44300.0
2020-11-26,94312.0,44100.0
2020-11-27,93512.0,44100.0
2020-11-30,92357.0,44100.0
2020-12-01,93335.0,47150.0
2020-12-02,93335.0,49400.0
2020-12-03,94046.0,48900.0
2020-12-04,94046.0,47400.0
2020-12-07,94046.0,46000.0
2020-12-08,93335.0,46750.0
2020-12-09,94223.0,45900.0
2020-12-10,93246.0,45400.0
2020-12-11,94935.0,44700.0
2020-12-14,96801.0,46400.0
2020-12-15,95112.0,46000.0
2020-12-16,95112.0,45700.0
2020-12-17,93068.0,45600.0
2020-12-18,93068.0,45700.0
2020-12-21,94579.0,45150.0
2020-12-22,93957.0,46000.0
2020-12-23,93957.0,47900.0
2020-12-24,93957.0,47700.0
2020-12-25,94135.0,47400.0
2020-12-28,94135.0,46300.0
2020-12-29,94668.0,46300.0
2020-12-30,96446.0,46000.0
2020-12-31,96179.0,46100.0
2021-01-04,96001.0,46800.0
2021-01-05,97512.0,46400.0
2021-01-06,97957.0,46400.0
2021-01-07,97868.0,46700.0
2021-01-08,99379.0,46000.0
2021-01-11,101157.0,46100.0
2021-01-12,101690.0,46000.0
2021-01-13,98757.0,46100.0
2021-01-14,98135.0,46300.0
2021-01-15,98846.0,44800.0
2021-01-18,98046.0,45000.0
2021-01-19,91290.0,43500.0
2021-01-20,91823.0,42600.0
2021-01-21,93423.0,41350.0
2021-01-22,93335.0,41800.0
2021-01-25,93157.0,44700.0
2021-01-26,90223.0,46200.0
2021-01-27,88890.0,43500.0
2021-01-28,82668.0,40500.0
2021-01-29,88357.0,42300.0
2021-02-01,88001.0,40650.0
2021-02-02,94135.0,38700.0
2021-02-03,95557.0,40100.0
2021-02-04,93335.0,39600.0
2021-02-05,95557.0,39900.0
2021-02-08,89779.0,39100.0
2021-02-09,94401.0,39600.0
2021-02-17,96001.0,39000.0
2021-02-18,97779.0,40300.0
2021-02-19,96890.0,40500.0
2021-02-22,97512.0,40950.0
2021-02-23,97779.0,40750.0
2021-02-24,96179.0,40200.0
2021-02-25,96801.0,40000.0
2021-02-26,96890.0,39700.0
2021-03-01,96446.0,39800.0
2021-03-02,96179.0,40800.0
2021-03-03,95023.0,40600.0
2021-03-04,95023.0,40000.0
2021-03-05,94490.0,39600.0
2021-03-08,94223.0,39600.0
2021-03-09,92712.0,40800.0
2021-03-10,94223.0,39800.0
2021-03-11,94135.0,40200.0
2021-03-12,94135.0,40000.0
2021-03-15,94223.0,40000.0
2021-03-16,93690.0,39800.0
2021-03-17,93068.0,39800.0
2021-03-18,94757.0,39700.0
2021-03-19,96357.0,40000.0
2021-03-22,95379.0,39200.0
2021-03-23,94668.0,39700.0
2021-03-24,95912.0,39050.0
2021-03-25,98135.0,39300.0
2021-03-26,99912.0,37700.0
2021-03-29,100268.0,38400.0
2021-03-30,104001.0,38850.0
2021-03-31,104801.0,39000.0
2021-04-01,109335.0,39150.0
2021-04-02,109335.0,39050.0
2021-04-05,110490.0,38000.0
2021-04-06,112890.0,36350.0
2021-04-07,113513.0,35850.0
2021-04-08,111468.0,33900.0
2021-04-09,111024.0,31550.0
2021-04-12,117335.0,29350.0
2021-04-13,125068.0,27300.0
2021-04-14,124446.0,25400.0
2021-04-15,125246.0,23650.0
2021-04-16,127113.0,22000.0
2021-04-19,128002.0,20500.0
2021-04-20,127202.0,21900.0
2021-04-22,123379.0,23400.0
2021-04-23,122935.0,25000.0
2021-04-26,116890.0,26750.0
2021-04-27,117424.0,24900.0
2021-04-28,116890.0,23200.0
2021-04-29,116446.0,24000.0
2021-05-04,118757.0,22900.0
2021-05-05,118846.0,23450.0
2021-05-06,117779.0,22900.0
2021-05-07,117335.0,22500.0
2021-05-10,117779.0,21800.0
2021-05-11,116446.0,22450.0
2021-05-12,115379.0,22450.0
2021-05-13,112446.0,22250.0
2021-05-14,111379.0,22050.0
2021-05-17,110224.0,22200.0
2021-05-18,107557.0,21900.0
2021-05-19,106757.0,20400.0
2021-05-20,109246.0,20400.0
2021-05-21,108890.0,21800.0
2021-05-24,108535.0,21400.0
2021-05-25,108712.0,20600.0
2021-05-26,108179.0,21450.0
2021-05-27,106935.0,20850.0
2021-05-28,106490.0,20800.0
2021-05-31,104446.0,20350.0
2021-06-01,106668.0,20150.0
2021-06-02,104446.0,20100.0
2021-06-03,105335.0,20650.0
2021-06-04,107557.0,20750.0
2021-06-07,109335.0,21500.0
2021-06-08,106490.0,22700.0
2021-06-09,105601.0,22100.0
2021-06-10,103557.0,21400.0
2021-06-11,104890.0,21800.0
2021-06-14,106668.0,21500.0
2021-06-15,108179.0,21400.0
2021-06-16,105868.0,21450.0
2021-06-17,104001.0,21350.0
2021-06-18,104357.0,21150.0
2021-06-21,104357.0,21200.0
2021-06-22,104446.0,21350.0
2021-06-23,103912.0,21150.0
2021-06-24,104446.0,21000.0
2021-06-25,104446.0,21000.0
2021-06-28,103735.0,20850.0
2021-06-29,104890.0,20700.0
2021-06-30,105779.0,20450.0
2021-07-01,105424.0,20600.0
2021-07-02,104446.0,20400.0
2021-07-05,102224.0,20150.0
2021-07-06,99557.0,19400.0
2021-07-07,101335.0,18600.0
2021-07-08,98668.0,18500.0
2021-07-09,96535.0,17900.0
2021-07-12,92446.0,16650.0
2021-07-13,91557.0,16300.0
2021-07-14,91557.0,16050.0
2021-07-15,90668.0,16200.0
2021-07-16,94046.0,16300.0
2021-07-19,91468.0,15800.0
2021-07-20,91557.0,15900.0
2021-07-21,92446.0,16350.0
2021-07-22,94401.0,16350.0
2021-07-23,92446.0,16100.0
2021-07-26,92623.0,16200.0
2021-07-27,92712.0,15800.0
2021-07-28,93512.0,15050.0
2021-07-29,93423.0,15400.0
2021-07-30,95290.0,15400.0
2021-08-02,95557.0,15200.0
2021-08-03,101779.0,15150.0
2021-08-04,101335.0,15200.0
2021-08-05,101335.0,16250.0
2021-08-06,100712.0,17350.0
2021-08-09,100535.0,18550.0
2021-08-10,100446.0,18700.0
2021-08-11,98668.0,17400.0
2021-08-12,98757.0,16800.0
2021-08-13,98579.0,16450.0
2021-08-16,98312.0,16700.0
2021-08-17,98900.0,15950.0
2021-08-18,97900.0,15800.0
2021-08-19,104000.0,15500.0
2021-08-20,97700.0,14900.0
2021-08-23,96200.0,15900.0
2021-08-24,95400.0,15900.0
2021-08-25,94600.0,15250.0
2021-08-26,93100.0,15200.0
2021-08-27,94800.0,15100.0
2021-08-30,94100.0,15300.0
2021-08-31,94100.0,15650.0
2021-09-01,94100.0,15600.0
2021-09-06,95000.0,15750.0
2021-09-07,93900.0,15200.0
2021-09-08,92000.0,15350.0
2021-09-09,91300.0,15300.0
2021-09-10,91300.0,15450.0
2021-09-13,92000.0,15300.0
2021-09-14,92000.0,15250.0
2021-09-15,91400.0,15350.0
2021-09-16,87800.0,15300.0
2021-09-17,86800.0,15600.0
2021-09-20,86700.0,15650.0
2021-09-21,85600.0,15350.0
2021-09-22,86100.0,16150.0
2021-09-23,87100.0,16600.0
2021-09-24,87000.0,16100.0
2021-09-27,86100.0,15300.0
2021-09-28,86500.0,15150.0
2021-09-29,86700.0,15200.0
2021-09-30,88000.0,15250.0
2021-10-01,87700.0,15150.0
2021-10-04,87800.0,15200.0
2021-10-05,88600.0,15250.0
2021-10-06,88600.0,15400.0
2021-10-07,88800.0,15200.0
2021-10-08,89300.0,15350.0
2021-10-11,91900.0,15400.0
2021-10-12,92900.0,15300.0
2021-10-13,93100.0,15250.0
2021-10-14,92500.0,15300.0
2021-10-15,92600.0,15350.0
2021-10-18,92600.0,15250.0
2021-10-19,92400.0,15400.0
2021-10-20,92300.0,15350.0
2021-10-21,91000.0,15250.0
2021-10-22,91800.0,15250.0
2021-10-25,92100.0,16300.0
2021-10-26,92200.0,16700.0
2021-10-27,95000.0,16100.0
2021-10-28,95000.0,16150.0
2021-10-29,95800.0,16150.0
2021-11-01,95800.0,16100.0
2021-11-02,95800.0,16850.0
2021-11-03,95300.0,16000.0
2021-11-04,95000.0,16200.0
2021-11-05,95000.0,16650.0
2021-11-08,94900.0,16800.0
2021-11-09,94900.0,16800.0
2021-11-10,94900.0,16900.0
2021-11-11,94800.0,18050.0
2021-11-12,94500.0,18200.0
2021-11-15,95000.0,18500.0
2021-11-16,94800.0,17500.0
2021-11-17,96300.0,18500.0
2021-11-18,94500.0,19100.0
2021-11-19,94800.0,18300.0
2021-11-22,94800.0,17350.0
2021-11-23,94800.0,17350.0
2021-11-24,94100.0,17950.0
2021-11-25,94000.0,17550.0
2021-11-26,98500.0,16900.0
2021-11-29,105300.0,17200.0
2021-11-30,105000.0,17000.0
2021-12-01,106000.0,16900.0
2021-12-02,107200.0,17150.0
2021-12-03,105500.0,17100.0
2021-12-06,105600.0,16800.0
2021-12-07,106700.0,16800.0
2021-12-08,105900.0,16700.0
2021-12-09,107000.0,16650.0
2021-12-10,103100.0,17400.0
2021-12-13,103200.0,18200.0
2021-12-14,102500.0,17850.0
2021-12-15,100000.0,17800.0
2021-12-16,100000.0,18800.0
2021-12-17,102000.0,18700.0
2021-12-20,99000.0,20000.0
2021-12-21,98100.0,21400.0
2021-12-22,99600.0,22850.0
2021-12-23,96000.0,23800.0
2021-12-24,96500.0,22150.0
2021-12-27,99000.0,23700.0
2021-12-28,98400.0,23950.0
2021-12-29,95500.0,22900.0
2021-12-30,95000.0,24500.0
2021-12-31,95100.0,25500.0
2022-01-04,101000.0,25500.0
2022-01-05,100000.0,23900.0
2022-01-06,104500.0,24400.0
2022-01-07,102200.0,23650.0
2022-01-10,102300.0,22000.0
2022-01-11,101000.0,20500.0
2022-01-12,100800.0,21400.0
2022-01-13,98800.0,22850.0
2022-01-14,98900.0,22550.0
2022-01-17,97000.0,21000.0
2022-01-18,95900.0,19550.0
2022-01-19,95800.0,18200.0
2022-01-20,95000.0,19400.0
2022-01-21,95500.0,19000.0
2022-01-24,95000.0,17700.0
2022-01-25,96000.0,17750.0
2022-01-26,96400.0,18000.0
2022-01-27,96500.0,18300.0
2022-01-28,97000.0,18950.0
2022-02-07,91200.0,19900.0
2022-02-08,87300.0,19400.0
2022-02-09,85700.0,19900.0
2022-02-10,84000.0,19600.0
2022-02-11,81700.0,19700.0
2022-02-14,81800.0,19050.0
2022-02-15,83700.0,19200.0
2022-02-16,82900.0,20500.0
2022-02-17,83100.0,21900.0
2022-02-18,82200.0,23400.0
2022-02-21,83600.0,22950.0
2022-02-22,82000.0,24000.0
2022-02-23,82500.0,24500.0
2022-02-24,80100.0,23800.0
2022-02-25,79100.0,25450.0
2022-02-28,77000.0,27200.0
2022-03-01,79200.0,29100.0
2022-03-02,78900.0,29800.0
2022-03-03,79000.0,31000.0
2022-03-04,79000.0,30800.0
2022-03-07,78500.0,28650.0
2022-03-08,77900.0,26650.0
2022-03-09,78000.0,28500.0
2022-03-10,79100.0,28000.0
2022-03-11,79000.0,27350.0
2022-03-14,78300.0,27750.0
2022-03-15,78300.0,27000.0
2022-03-16,78100.0,27200.0
2022-03-17,78200.0,29100.0
2022-03-18,78800.0,28900.0
2022-03-21,81000.0,28850.0
2022-03-22,82200.0,28500.0
2022-03-23,81400.0,28000.0
2022-03-24,81000.0,28250.0
2022-03-25,81000.0,29350.0
2022-03-28,80500.0,28350.0
2022-03-29,80800.0,29200.0
2022-03-30,81100.0,28000.0
2022-03-31,81200.0,27800.0
2022-04-01,82100.0,27900.0
2022-04-04,82700.0,27800.0
2022-04-05,82300.0,27550.0
2022-04-06,80500.0,26850.0
2022-04-07,79500.0,25000.0
2022-04-08,81700.0,23250.0
2022-04-12,81300.0,21650.0
2022-04-13,82200.0,22450.0
2022-04-14,81700.0,23100.0
2022-04-15,80700.0,23500.0
2022-04-18,79500.0,21900.0
2022-04-19,78800.0,20400.0
2022-04-20,79300.0,19200.0
2022-04-21,77500.0,17900.0
2022-04-22,77700.0,17100.0
2022-04-25,76200.0,16050.0
2022-04-26,78000.0,17150.0
2022-04-27,78000.0,18350.0
2022-04-28,77900.0,18600.0
2022-04-29,80000.0,18700.0
2022-05-04,79700.0,18000.0
2022-05-05,80000.0,17950.0
2022-05-06,79800.0,17050.0
2022-05-09,79100.0,15900.0
2022-05-10,80400.0,17000.0
2022-05-11,80500.0,18150.0
2022-05-12,79000.0,17150.0
2022-05-13,78000.0,16050.0
2022-05-16,77000.0,17150.0
2022-05-17,78000.0,16400.0
2022-05-18,78000.0,16650.0
2022-05-19,77900.0,17000.0
2022-05-20,77800.0,16850.0
2022-05-23,77400.0,16500.0
2022-05-24,77600.0,16500.0
2022-05-25,77700.0,16850.0
2022-05-26,77700.0,16600.0
2022-05-27,78000.0,16250.0
2022-05-30,78500.0,17350.0
2022-05-31,78800.0,18550.0
2022-06-01,79300.0,19800.0
2022-06-02,78900.0,20400.0
2022-06-03,78800.0,21400.0
2022-06-06,78500.0,22850.0
2022-06-07,78000.0,24400.0
2022-06-08,78100.0,26100.0
2022-06-09,78100.0,24800.0
2022-06-10,78000.0,24800.0
2022-06-13,76400.0,24900.0
2022-06-14,76600.0,24500.0
2022-06-15,76700.0,22900.0
2022-06-16,76600.0,24500.0
2022-06-17,76600.0,24650.0
2022-06-20,75600.0,22950.0
2022-06-21,75000.0,21350.0
2022-06-22,75000.0,19900.0
2022-06-23,74200.0,20400.0
2022-06-24,74600.0,21800.0
2022-06-27,73800.0,23300.0
2022-06-28,73600.0,23700.0
2022-06-29,73400.0,23700.0
2022-06-30,73500.0,22300.0
2022-07-01,72600.0,23000.0
2022-07-04,72700.0,23000.0
2022-07-05,72300.0,22950.0
2022-07-06,67500.0,22850.0
2022-07-07,69800.0,23000.0
2022-07-08,70000.0,23700.0
2022-07-11,70000.0,23900.0
2022-07-12,69900.0,25000.0
2022-07-13,69500.0,24300.0
2022-07-14,69500.0,23350.0
2022-07-15,69600.0,23700.0
2022-07-18,68000.0,23850.0
2022-07-19,68800.0,24900.0
2022-07-20,68200.0,24850.0
2022-07-21,68500.0,24700.0
2022-07-22,66500.0,23800.0
2022-07-25,67300.0,23200.0
2022-07-26,66100.0,24000.0
2022-07-27,66500.0,24000.0
2022-07-28,67000.0,24700.0
2022-07-29,64000.0,24500.0
2022-08-01,64700.0,24500.0
2022-08-02,66600.0,24850.0
2022-08-03,66000.0,24500.0
2022-08-04,66400.0,24650.0
2022-08-05,65400.0,24900.0
2022-08-08,64600.0,24600.0
2022-08-09,65300.0,24600.0
2022-08-10,64800.0,24250.0
2022-08-11,65800.0,23200.0
2022-08-12,66200.0,23500.0
2022-08-15,66400.0,23900.0
2022-08-16,65900.0,22950.0
2022-08-17,67300.0,22800.0
2022-08-18,68100.0,22800.0
2022-08-19,67900.0,22700.0
2022-08-22,66000.0,22900.0
2022-08-23,65000.0,23000.0
2022-08-24,64900.0,22800.0
2022-08-25,65900.0,22600.0
2022-08-26,65000.0,22550.0
2022-08-29,63600.0,21300.0
2022-08-30,63600.0,22000.0
2022-08-31,63700.0,21600.0
2022-09-05,64000.0,21700.0
2022-09-06,63300.0,21900.0
2022-09-07,62500.0,21450.0
2022-09-08,62900.0,20600.0
2022-09-09,64400.0,19900.0
2022-09-12,64000.0,21250.0
2022-09-13,64100.0,21700.0
2022-09-14,63400.0,21300.0
2022-09-15,63900.0,20800.0
2022-09-16,62500.0,20300.0
2022-09-19,62900.0,19400.0
2022-09-20,63900.0,20300.0
2022-09-21,63100.0,20400.0
2022-09-22,63300.0,20450.0
2022-09-23,62600.0,20400.0
2022-09-26,62000.0,19650.0
2022-09-27,61000.0,19650.0
2022-09-28,57500.0,20000.0
2022-09-29,54600.0,19700.0
2022-09-30,55000.0,19000.0
2022-10-03,55500.0,18000.0
2022-10-04,57000.0,17900.0
2022-10-05,60000.0,18300.0
2022-10-06,60100.0,17050.0
2022-10-07,60200.0,15900.0
2022-10-10,60200.0,16350.0
2022-10-11,60000.0,15250.0
2022-10-12,60000.0,15550.0
2022-10-13,60400.0,15450.0
2022-10-14,59700.0,15700.0
2022-10-17,56000.0,15800.0
2022-10-18,58400.0,15950.0
2022-10-19,58500.0,15500.0
2022-10-20,58600.0,15800.0
2022-10-21,56800.0,14700.0
2022-10-24,56500.0,13700.0
2022-10-25,56100.0,12750.0
2022-10-26,54800.0,11900.0
2022-10-27,55000.0,12100.0
2022-10-28,55700.0,12100.0
2022-10-31,55400.0,12200.0
2022-11-01,55400.0,11800.0
2022-11-02,55400.0,11900.0
2022-11-03,55100.0,11600.0
2022-11-04,54300.0,10800.0
2022-11-07,53400.0,10050.0
2022-11-08,53300.0,9350.0
2022-11-09,53700.0,8700.0
2022-11-10,53000.0,8100.0
2022-11-11,54300.0,7540.0
2022-11-14,55000.0,7050.0
2022-11-15,57000.0,6900.0
2022-11-16,60400.0,7380.0
2022-11-17,64600.0,7890.0
2022-11-18,65600.0,8000.0
2022-11-21,64000.0,8560.0
2022-11-22,61000.0,9150.0
2022-11-23,59700.0,8650.0
2022-11-24,61000.0,8110.0
2022-11-25,65000.0,8550.0
2022-11-28,65000.0,9110.0
2022-11-29,69400.0,9160.0
2022-11-30,69600.0,9040.0
2022-12-01,66000.0,9670.0
2022-12-02,68800.0,10300.0
2022-12-05,68100.0,11000.0
2022-12-06,66600.0,11750.0
2022-12-07,71200.0,11650.0
2022-12-08,69900.0,12300.0
2022-12-09,67800.0,12200.0
2022-12-12,63100.0,11350.0
2022-12-13,61600.0,11200.0
2022-12-14,60800.0,11250.0
2022-12-15,60600.0,11000.0
2022-12-16,58400.0,10950.0
2022-12-19,56500.0,10600.0
2022-12-20,55900.0,9860.0
2022-12-21,54900.0,9600.0
2022-12-22,55000.0,9690.0
2022-12-23,55100.0,9750.0
2022-12-26,52900.0,9070.0
2022-12-27,53400.0,9070.0
2022-12-28,53500.0,9270.0
2022-12-29,53600.0,8960.0
2022-12-30,53800.0,8910.0
2023-01-03,56800.0,9350.0
2023-01-04,56000.0,9350.0
2023-01-05,56200.0,8700.0
2023-01-06,56100.0,8890.0
2023-01-09,55000.0,8720.0
2023-01-10,54500.0,8620.0
2023-01-11,55100.0,8600.0
2023-01-12,55000.0,8700.0
2023-01-13,55000.0,8640.0
2023-01-16,54800.0,8440.0
2023-01-17,55200.0,8630.0
2023-01-18,56700.0,8830.0
2023-01-19,57400.0,9090.0
2023-01-27,59200.0,9270.0
2023-01-30,57700.0,9400.0
2023-01-31,57100.0,9600.0
2023-02-01,55200.0,9600.0
2023-02-02,55800.0,9330.0
2023-02-03,56000.0,9480.0
2023-02-06,56000.0,9430.0
2023-02-07,55000.0,9300.0
2023-02-08,54400.0,9500.0
2023-02-09,54200.0,9540.0
2023-02-10,54000.0,9400.0
2023-02-13,53400.0,9000.0
2023-02-14,52900.0,9390.0
2023-02-15,52900.0,9650.0
2023-02-16,53400.0,9650.0
2023-02-17,53500.0,9600.0
2023-02-20,54100.0,9780.0
2023-02-21,54300.0,10450.0
2023-02-22,53000.0,11150.0
2023-02-23,53000.0,11300.0
2023-02-24,52900.0,10600.0
2023-02-27,52500.0,10000.0
2023-02-28,52600.0,10400.0
2023-03-01,52700.0,10800.0
2023-03-02,52600.0,10700.0
